<?xml version="1.0" encoding="utf-8"?>
<System>
  <P Name="Location">[-7, -7, 1543, 823]</P>
  <P Name="SystemRect">[0.000000, 0.000000, 0.000000, 0.000000]</P>
  <P Name="Open">on</P>
  <P Name="SetExecutionDomain">off</P>
  <P Name="ExecutionDomainType">Deduce</P>
  <P Name="ReportName">simulink-default.rpt</P>
  <P Name="SIDHighWatermark">11</P>
  <P Name="SimulinkSubDomain">Simulink</P>
  <Block BlockType="Scope" Name="Scope" SID="7">
    <P Name="Ports">[3]</P>
    <P Name="Position">[829, 5, 891, 65]</P>
    <P Name="ZOrder">7</P>
    <P Name="BlockRotation">270</P>
    <P Name="NameLocation">right</P>
    <P Name="ScopeSpecificationString">Simulink.scopes.TimeScopeBlockCfg(&apos;CurrentConfiguration&apos;, extmgr.ConfigurationSet(extmgr.Configuration(&apos;Core&apos;,&apos;General UI&apos;,true),extmgr.Configuration(&apos;Core&apos;,&apos;Source UI&apos;,true),extmgr.Configuration(&apos;Sources&apos;,&apos;WiredSimulink&apos;,true),extmgr.Configuration(&apos;Visuals&apos;,&apos;Time Domain&apos;,true,&apos;SerializedDisplays&apos;,{struct(&apos;MinYLimReal&apos;,&apos;0.15&apos;,&apos;MaxYLimReal&apos;,&apos;0.65&apos;,&apos;YLabelReal&apos;,&apos;Information States&apos;,&apos;MinYLimMag&apos;,&apos;0.15&apos;,&apos;MaxYLimMag&apos;,&apos;0.65&apos;,&apos;LegendVisibility&apos;,&apos;On&apos;,&apos;XGrid&apos;,true,&apos;YGrid&apos;,true,&apos;PlotMagPhase&apos;,false,&apos;AxesColor&apos;,[0 0 0],&apos;AxesTickColor&apos;,[0.686274509803922 0.686274509803922 0.686274509803922],&apos;ColorOrder&apos;,[1 1 0.0666666666666667;0.0745098039215686 0.623529411764706 1;1 0.411764705882353 0.16078431372549;0.392156862745098 0.831372549019608 0.0745098039215686;0.717647058823529 0.274509803921569 1;0.0588235294117647 1 1;1 0.0745098039215686 0.650980392156863],&apos;Title&apos;,&apos;%&lt;SignalLabel&gt;&apos;,&apos;LinePropertiesCache&apos;,{{struct(&apos;Visible&apos;,&apos;on&apos;,&apos;Color&apos;,[1 1 0.0666666666666667],&apos;LineStyle&apos;,&apos;-&apos;,&apos;LineWidth&apos;,2,&apos;Marker&apos;,&apos;none&apos;),struct(&apos;Visible&apos;,&apos;on&apos;,&apos;Color&apos;,[0.0745098039215686 0.623529411764706 1],&apos;LineStyle&apos;,&apos;-&apos;,&apos;LineWidth&apos;,2,&apos;Marker&apos;,&apos;none&apos;),struct(&apos;Visible&apos;,&apos;on&apos;,&apos;Color&apos;,[1 0.411764705882353 0.16078431372549],&apos;LineStyle&apos;,&apos;-&apos;,&apos;LineWidth&apos;,2,&apos;Marker&apos;,&apos;none&apos;)}},&apos;UserDefinedChannelNames&apos;,{{}},&apos;NumLines&apos;,3,&apos;LineNames&apos;,{{&apos;X3&apos;,&apos;X2&apos;,&apos;X1&apos;}},&apos;ShowContent&apos;,true,&apos;Placement&apos;,1)},&apos;TimeUnits&apos;,&apos;seconds&apos;,&apos;ShowTimeAxisLabel&apos;,true,&apos;DisplayPropertyDefaults&apos;,struct(&apos;MinYLimReal&apos;,&apos;0.15&apos;,&apos;MaxYLimReal&apos;,&apos;0.65&apos;,&apos;YLabelReal&apos;,&apos;Information States&apos;,&apos;MinYLimMag&apos;,&apos;0.15&apos;,&apos;MaxYLimMag&apos;,&apos;0.65&apos;,&apos;LegendVisibility&apos;,&apos;On&apos;,&apos;XGrid&apos;,true,&apos;YGrid&apos;,true,&apos;PlotMagPhase&apos;,false,&apos;AxesColor&apos;,[0 0 0],&apos;AxesTickColor&apos;,[0.686274509803922 0.686274509803922 0.686274509803922],&apos;ColorOrder&apos;,[0.0745098039215686 0.623529411764706 1;1 0.411764705882353 0.16078431372549;1 1 0.0666666666666667;0.717647058823529 0.274509803921569 1;0.392156862745098 0.831372549019608 0.0745098039215686;0.0588235294117647 1 1;1 0.0745098039215686 0.650980392156863])),extmgr.Configuration(&apos;Tools&apos;,&apos;Plot Navigation&apos;,true,&apos;AutoscaleMode&apos;,&apos;Auto&apos;),extmgr.Configuration(&apos;Tools&apos;,&apos;Measurements&apos;,true,&apos;Version&apos;,&apos;2021b&apos;)),&apos;Version&apos;,&apos;2021b&apos;,&apos;Position&apos;,[1 49 1536 740.8],&apos;VisibleAtModelOpen&apos;,&apos;on&apos;)</P>
    <P Name="NumInputPorts">3</P>
    <P Name="Floating">off</P>
  </Block>
  <Block BlockType="Sum" Name="Sum" SID="2">
    <P Name="Ports">[2, 1]</P>
    <P Name="Position">[320, 135, 360, 175]</P>
    <P Name="ZOrder">2</P>
    <P Name="Inputs">|+-</P>
  </Block>
  <Block BlockType="Sum" Name="Sum1" SID="4">
    <P Name="Ports">[2, 1]</P>
    <P Name="Position">[1000, 135, 1040, 175]</P>
    <P Name="ZOrder">4</P>
    <P Name="Inputs">|+-</P>
  </Block>
  <Block BlockType="Sum" Name="Sum2" SID="6">
    <P Name="Ports">[2, 1]</P>
    <P Name="Position">[660, 135, 700, 175]</P>
    <P Name="ZOrder">6</P>
    <P Name="Inputs">|+-</P>
  </Block>
  <Block BlockType="Integrator" Name="X1" SID="1">
    <P Name="Ports">[1, 1]</P>
    <P Name="Position">[1115, 137, 1165, 173]</P>
    <P Name="ZOrder">1</P>
    <P Name="InitialCondition">0.2</P>
  </Block>
  <Block BlockType="Integrator" Name="X2" SID="3">
    <P Name="Ports">[1, 1]</P>
    <P Name="Position">[785, 137, 835, 173]</P>
    <P Name="ZOrder">3</P>
    <P Name="InitialCondition">0.4</P>
  </Block>
  <Block BlockType="Integrator" Name="X3" SID="5">
    <P Name="Ports">[1, 1]</P>
    <P Name="Position">[430, 137, 480, 173]</P>
    <P Name="ZOrder">5</P>
    <P Name="InitialCondition">0.6</P>
  </Block>
  <Line>
    <P Name="ZOrder">2</P>
    <P Name="Src">2#out:1</P>
    <P Name="Dst">5#in:1</P>
  </Line>
  <Line>
    <P Name="ZOrder">3</P>
    <P Name="Src">5#out:1</P>
    <P Name="Points">[33, 0]</P>
    <Branch>
      <P Name="ZOrder">22</P>
      <P Name="Points">[0, -55; 322, 0]</P>
      <P Name="Dst">7#in:1</P>
    </Branch>
    <Branch>
      <P Name="ZOrder">21</P>
      <P Name="Points">[27, 0]</P>
      <Branch>
        <P Name="ZOrder">16</P>
        <P Name="Dst">6#in:1</P>
      </Branch>
      <Branch>
        <P Name="ZOrder">8</P>
        <P Name="Points">[0, 56; -205, 0]</P>
        <P Name="Dst">2#in:2</P>
      </Branch>
    </Branch>
  </Line>
  <Line>
    <P Name="ZOrder">4</P>
    <P Name="Src">6#out:1</P>
    <P Name="Dst">3#in:1</P>
  </Line>
  <Line>
    <P Name="ZOrder">5</P>
    <P Name="Src">3#out:1</P>
    <P Name="Points">[20, 0]</P>
    <Branch>
      <P Name="ZOrder">38</P>
      <P Name="Points">[43, 0]</P>
      <Branch>
        <P Name="ZOrder">15</P>
        <P Name="Dst">4#in:1</P>
      </Branch>
      <Branch>
        <P Name="ZOrder">10</P>
        <P Name="Points">[0, 56; -223, 0]</P>
        <P Name="Dst">6#in:2</P>
      </Branch>
    </Branch>
    <Branch>
      <P Name="ZOrder">28</P>
      <P Name="Dst">7#in:2</P>
    </Branch>
  </Line>
  <Line>
    <P Name="ZOrder">6</P>
    <P Name="Src">4#out:1</P>
    <P Name="Dst">1#in:1</P>
  </Line>
  <Line>
    <P Name="ZOrder">12</P>
    <P Name="Src">1#out:1</P>
    <P Name="Points">[22, 0]</P>
    <Branch>
      <P Name="ZOrder">30</P>
      <P Name="Points">[0, -55; -312, 0]</P>
      <P Name="Dst">7#in:3</P>
    </Branch>
    <Branch>
      <P Name="ZOrder">29</P>
      <P Name="Points">[25, 0]</P>
      <Branch>
        <P Name="ZOrder">20</P>
        <P Name="Points">[0, 58; -197, 0]</P>
        <P Name="Dst">4#in:2</P>
      </Branch>
      <Branch>
        <P Name="ZOrder">19</P>
        <P Name="Points">[41, 0; 0, 134; -962, 0; 0, -134]</P>
        <P Name="Dst">2#in:1</P>
      </Branch>
    </Branch>
  </Line>
  <Annotation SID="8">
    <P Name="Name">X3&apos;</P>
    <P Name="Position">[386, 135, 412, 159]</P>
    <P Name="InternalMargins">[0, 0, 0, 0]</P>
    <P Name="FixedHeight">on</P>
    <P Name="FixedWidth">on</P>
    <P Name="ZOrder">-1</P>
  </Annotation>
  <Annotation SID="9">
    <P Name="Name">X3</P>
    <P Name="Position">[498, 135, 512, 149]</P>
    <P Name="InternalMargins">[0, 0, 0, 0]</P>
    <P Name="ZOrder">-1</P>
  </Annotation>
  <Annotation SID="10">
    <P Name="Name">X2&apos;</P>
    <P Name="Position">[732, 135, 753, 159]</P>
    <P Name="InternalMargins">[0, 0, 0, 0]</P>
    <P Name="FixedHeight">on</P>
    <P Name="FixedWidth">on</P>
    <P Name="ZOrder">-2</P>
  </Annotation>
  <Annotation SID="11">
    <P Name="Name">X1&apos;</P>
    <P Name="Position">[1073, 135, 1089, 149]</P>
    <P Name="InternalMargins">[0, 0, 0, 0]</P>
    <P Name="ZOrder">-3</P>
  </Annotation>
</System>
