<?xml version="1.0" encoding="UTF-8"?>
<sltp_graph version="1.1" packageUris="http://schema.mathworks.com/mf0/sltp_mm/R2021b_202106150630">
  <sltp.mm.core.Context type="sltp.mm.core.Context" uuid="e89040bf-7a61-4b94-8a05-1eea8d051bf7">
    <priorityDirection>HighNumberLast</priorityDirection>
    <editorState type="sltp.mm.core.EditorState" uuid="a3c4ec6a-7855-463f-baf4-fe367fe33e4d">
      <isSynchronized>true</isSynchronized>
      <panelState type="sltp.mm.core.EditorPanelState" uuid="edf6590e-e711-4558-8d24-67e4e3cfa886"/>
    </editorState>
    <rootTask type="sltp.mm.core.Task" uuid="042ac1be-46dd-42ba-baec-42ba56ffad03">
      <context type="sltp.mm.core.Context" uuid="e89040bf-7a61-4b94-8a05-1eea8d051bf7"/>
      <explicit>false</explicit>
      <name>Default</name>
      <priority>-2147483648</priority>
      <subgraph type="sltp.mm.core.Graph" uuid="06546ed1-62aa-4f8a-9877-8ac94a97eba4">
        <tasks type="sltp.mm.core.Task" uuid="2f987dae-d417-4e19-8eb1-92de88d007a0">
          <baseTask>true</baseTask>
          <context type="sltp.mm.core.Context" uuid="e89040bf-7a61-4b94-8a05-1eea8d051bf7"/>
          <explicit>false</explicit>
          <id>1</id>
          <isTimed>true</isTimed>
          <name>Cont</name>
          <priority>40</priority>
          <rates type="sltp.mm.core.Rate" uuid="d889bdb4-e1f5-479d-a964-59b67e7e0858">
            <annotation>Cont</annotation>
            <color>255</color>
            <hasBlocks>true</hasBlocks>
            <identifier>Continuous00</identifier>
            <rateSpec type="sltp.mm.core.RateSpec">
              <period>0.0</period>
            </rateSpec>
            <sti>0</sti>
          </rates>
        </tasks>
      </subgraph>
    </rootTask>
  </sltp.mm.core.Context>
</sltp_graph>