<?xml version="1.0" encoding="UTF-8"?>
<sltp_editor version="1.1" packageUris="http://schema.mathworks.com/mf0/DiagramEditor/R2019a_20181107 http://schema.mathworks.com/mf0/SltpSyntax/R2021b_202101212121">
  <diagram.editor.model.Diagram type="diagram.editor.model.Diagram" uuid="826e5a15-3543-4275-a733-33a7a7f88957">
    <entities type="diagram.editor.model.Entity" uuid="9e04dc9d-5911-4d55-81cc-099209686ec7">
      <position>0,0</position>
      <size>0,0,0,0</size>
      <syntaxElement type="sltp.mm.syntax.Node" uuid="c0e21ab3-ea30-40fb-9525-5cbb1cbac79e"/>
      <title>Cont</title>
      <type>base</type>
      <subDiagram type="diagram.editor.model.Diagram" uuid="b1790fed-e988-4f16-9ca2-06418c75a39b">
        <position>0,0</position>
        <syntaxElement type="sltp.mm.syntax.Graph" uuid="d0d30cff-bda6-4144-8178-4244fffb1516"/>
        <title>Cont</title>
        <type>graph.Graph</type>
      </subDiagram>
    </entities>
    <syntaxElement type="sltp.mm.syntax.Graph" uuid="00e9a1c7-bb00-4997-8ca4-8bcf7814e3a7"/>
    <title>Default</title>
    <type>graph.Graph</type>
  </diagram.editor.model.Diagram>
  <sltp.mm.syntax.Context type="sltp.mm.syntax.Context" uuid="3d8eb7ab-0f77-408a-8048-b4401641b6a3">
    <rootGraph type="sltp.mm.syntax.Graph" uuid="00e9a1c7-bb00-4997-8ca4-8bcf7814e3a7">
      <children type="sltp.mm.syntax.Node" uuid="c0e21ab3-ea30-40fb-9525-5cbb1cbac79e">
        <priority>40</priority>
        <rates type="sltp.mm.syntax.RateData">
          <color>#000000</color>
          <hasBlocks>true</hasBlocks>
          <rate>0</rate>
          <title>Cont</title>
        </rates>
        <title>Cont</title>
        <type>base</type>
        <diagramElement type="diagram.editor.model.Entity" uuid="9e04dc9d-5911-4d55-81cc-099209686ec7"/>
        <subgraph type="sltp.mm.syntax.Graph" uuid="d0d30cff-bda6-4144-8178-4244fffb1516">
          <title>Cont</title>
          <diagramElement type="diagram.editor.model.Diagram" uuid="b1790fed-e988-4f16-9ca2-06418c75a39b"/>
        </subgraph>
      </children>
      <title>Default</title>
      <diagramElement type="diagram.editor.model.Diagram" uuid="826e5a15-3543-4275-a733-33a7a7f88957"/>
    </rootGraph>
  </sltp.mm.syntax.Context>
</sltp_editor>